{"cameraMode":{"drawMode":0,"name":"Shaded","section":"Shading Mode"},"sceneLighting":false,"audioPlay":false,"sceneViewState":{"showFog":true,"showMaterialUpdate":false,"showSkybox":true,"showFlares":true,"showImageEffects":true,"showParticleSystems":true},"in2DMode":false,"pivot":{"x":-1.181121826171875,"y":0.940673828125,"z":-1.3642578125},"rotation":{"x":0.09733087569475174,"y":0.017324304208159448,"z":-0.0016939216293394566,"w":0.9950998425483704},"size":1.8182426691055298,"orthographic":true}