{"cameraMode":{"drawMode":0,"name":"Shaded","section":"Shading Mode"},"sceneLighting":true,"audioPlay":false,"sceneViewState":{"showFog":true,"showMaterialUpdate":false,"showSkybox":true,"showFlares":true,"showImageEffects":true,"showParticleSystems":true},"in2DMode":false,"pivot":{"x":0.823974609375,"y":0.45166015625,"z":0.267578125},"rotation":{"x":0.0541999526321888,"y":-0.21253101527690888,"z":0.011809272691607476,"w":0.9755785465240479},"size":1.1791985034942628,"orthographic":true}