{"cameraMode":{"drawMode":0,"name":"Shaded","section":"Shading Mode"},"sceneLighting":true,"audioPlay":false,"sceneViewState":{"showFog":true,"showMaterialUpdate":false,"showSkybox":true,"showFlares":true,"showImageEffects":true,"showParticleSystems":true},"in2DMode":false,"pivot":{"x":0.5647004246711731,"y":0.010601222515106202,"z":-0.9749563932418823},"rotation":{"x":0.039231207221746448,"y":0.9563078880310059,"z":-0.15218012034893037,"w":0.2465307116508484},"size":2.8879456520080568,"orthographic":false}